,Accuracy,Homogeneity,Completeness,V-Measure
TF-IDF,0.7752525252525253,0.6133131311985621,0.7122538602937147,0.6590910124779559
Word2Vec (Scratch),0.8964646464646465,0.6443682398310077,0.6461306944218478,0.6452482636205192
SBERT (Baseline),0.9722222222222222,0.8730720694963034,0.8731328890721458,0.8731024782250647
