{"Accuracy": 0.28535353535353536, "Homogeneity": 0.11130796494752597, "Completeness": 0.13021016560058557, "V-Measure": 0.12001938335303876}