{"Accuracy": 0.3333333333333333, "Homogeneity": 0.3333333333333333, "Completeness": 0.3333333333333333, "V-Measure": 0.3333333333333333}